epoch,loss,val_loss
0,0.002188819693401456,0.5875980854034424
