epoch,loss,val_loss
0,0.002165070967748761,0.5979530811309814
