epoch,loss,val_loss
0,0.008567653596401215,0.4494553506374359
